split,arch,auroc,ci_lo,ci_hi
grouped,densenet121,0.9956,0.9922,0.9982
grouped,efficientnet_b0,0.9895,0.9828,0.995
grouped,inception_v3,0.9938,0.9899,0.9972
grouped,mobilenetv3,0.9955,0.9925,0.998
grouped,resnet50,0.9963,0.9936,0.9984
image_random,densenet121,0.9967,0.9937,0.9989
image_random,efficientnet_b0,0.9985,0.9971,0.9995
image_random,inception_v3,0.9979,0.996,0.9992
image_random,mobilenetv3,0.9982,0.9966,0.9994
image_random,resnet50,0.9968,0.994,0.999
official,densenet121,0.967,0.9482,0.9829
official,efficientnet_b0,0.9823,0.9738,0.9896
official,inception_v3,0.9738,0.9605,0.9849
official,mobilenetv3,0.9828,0.9741,0.9903
official,resnet50,0.9651,0.9478,0.9806
