split,arch,seed,T,threshold_logit,threshold_prob,n_test,prev_test,auroc,auprc,sens,spec,sens_05,spec_05,acc_05,nll,brier,ece,nll_ts,brier_ts,ece_ts
grouped,densenet121,0,1.41425552647762,1.1474609,0.7590468344186003,874,0.7288329519450801,0.9955686266717008,0.9984910287604148,0.9356357927786499,0.9957805907172996,0.9607535321821036,0.9789029535864979,0.965675057208238,0.11548444893459645,0.02419080420405975,0.03043832268359935,0.1072773452776163,0.025032325154729827,0.039625614292681195
grouped,densenet121,1,1.0185536902093553,2.4179688,0.9181872915844618,874,0.7288329519450801,0.9953897820082268,0.9983129334711371,0.9309262166405023,0.9915611814345991,0.9795918367346939,0.9367088607594937,0.9679633867276888,0.0801605972339096,0.02180823848294954,0.02043638084041825,0.07999830608716245,0.021793158647320517,0.020691460743897418
grouped,densenet121,2,1.2240469673413568,2.0175781,0.8826303471824914,874,0.7288329519450801,0.9956977922619875,0.9984184410928063,0.9246467817896389,0.9831223628691983,0.9733124018838305,0.9620253164556962,0.9702517162471396,0.09270577969805033,0.0242492979446626,0.020052454868893586,0.08851226293406769,0.024124304309818215,0.02631491837698966
grouped,efficientnet_b0,0,1.225850702997673,0.8388672,0.6982265816049945,874,0.7288329519450801,0.989501155866436,0.9957130655527157,0.9356357927786499,0.9704641350210971,0.9544740973312402,0.9493670886075949,0.9530892448512586,0.15744781021401674,0.03740397943506499,0.03674124180097559,0.14284148603210256,0.03683580232585741,0.0340864219130372
grouped,efficientnet_b0,1,1.7617276681151246,1.8789062,0.867485439811834,874,0.7288329519450801,0.99311116851804,0.9975277212504635,0.9183673469387755,0.9873417721518988,0.9560439560439561,0.9789029535864979,0.9622425629290617,0.1676451306467968,0.03300569589603318,0.03401743677372628,0.12391426710339662,0.03193008025094823,0.0354765119133474
grouped,efficientnet_b0,2,1.9830206730884854,1.2763672,0.7818307590089691,874,0.7288329519450801,0.9942802827070457,0.9979472857896169,0.9277864992150706,0.9873417721518988,0.9497645211930926,0.9704641350210971,0.9553775743707094,0.1632617065493843,0.0363151908958552,0.03511976882216586,0.11373495928145257,0.033101637180001815,0.03759294980636794
grouped,inception_v3,0,1.5719569817427128,0.5151367,0.6260098627288885,874,0.7288329519450801,0.9938397949247859,0.9976871163261932,0.9403453689167975,0.9831223628691983,0.9544740973312402,0.9620253164556962,0.9565217391304348,0.15086382790473882,0.030582540698674488,0.03415248281860945,0.13112804972095454,0.0311837680483052,0.04676583004215075
grouped,inception_v3,1,1.167032611079179,2.5136719,0.9250947303775873,874,0.7288329519450801,0.9933761235750386,0.9976209383552783,0.9293563579277865,0.9831223628691983,0.9795918367346939,0.9324894514767933,0.9668192219679634,0.10680937091952698,0.026535402761158993,0.02092003432223775,0.10088231081706768,0.02622442879183492,0.017141705754038124
grouped,inception_v3,2,1.76324211751301,0.113342285,0.528305275821087,874,0.7288329519450801,0.9962210784995595,0.9986669666979702,0.9513343799058085,0.9915611814345991,0.9560439560439561,0.9915611814345991,0.965675057208238,0.1606116644597818,0.030241675905771762,0.0437559950375653,0.13567748103455415,0.03182074608033209,0.060243629404943454
grouped,mobilenetv3,0,2.277045938003179,1.296875,0.785308580887758,874,0.7288329519450801,0.9955156356603011,0.9983658911624003,0.9309262166405023,0.9873417721518988,0.9466248037676609,0.9831223628691983,0.9565217391304348,0.1440951043316881,0.030659189506895022,0.03518786899524809,0.0994337023253437,0.028586728678652952,0.03654172044202364
grouped,mobilenetv3,1,2.389242598372135,0.03161621,0.5079033941682872,874,0.7288329519450801,0.9948002570064053,0.9981359659806738,0.9183673469387755,0.9873417721518988,0.9183673469387755,0.9831223628691983,0.9359267734553776,0.19086299803990425,0.04668889381987797,0.051699474208284336,0.12689551444555097,0.03940263782016093,0.05344189223031256
grouped,mobilenetv3,2,2.2134632504448124,2.0683594,0.887789630128223,874,0.7288329519450801,0.9932933251197266,0.997489935432106,0.9183673469387755,0.9915611814345991,0.9497645211930926,0.9704641350210971,0.9553775743707094,0.18400601582933407,0.0366208407725244,0.03344410627916938,0.11828567141941228,0.03333229627399533,0.03703140600493264
grouped,resnet50,0,1.2299543817181833,3.3535156,0.9662197702156119,874,0.7288329519450801,0.9962508859434718,0.9986355619840794,0.9340659340659341,0.9831223628691983,0.9874411302982732,0.9451476793248945,0.9759725400457666,0.07278139121142257,0.0194834592438174,0.011001907434886427,0.06846080190108299,0.019099565153818093,0.009563060844584248
grouped,resnet50,1,1.3392424133984993,0.72509766,0.6737285672822049,874,0.7288329519450801,0.9958633891726116,0.998508185324471,0.9340659340659341,0.9873417721518988,0.9544740973312402,0.9789029535864979,0.9610983981693364,0.1177837559318163,0.030112996582997986,0.04084997706301159,0.11327522256675117,0.030439114522401424,0.04748592244799879
grouped,resnet50,2,1.2395131514153037,-1.1181641,0.24635198292157864,874,0.7288329519450801,0.9952109373447529,0.9982255973338103,0.9356357927786499,0.9873417721518988,0.880690737833595,0.9957805907172996,0.9118993135011442,0.22365433638388943,0.06899424111143893,0.11206276029707607,0.21669655305859198,0.06771085834926861,0.11860021347588272
image_random,densenet121,0,0.7820342929754418,0.64208984,0.6552257188890224,879,0.7292377701934016,0.9966766737896406,0.9986965866628827,0.9609984399375975,0.9831932773109243,0.9765990639625585,0.9747899159663865,0.9761092150170648,0.06758446963092779,0.018285328966700314,0.021198527042609466,0.06477429138618389,0.01788417179310614,0.015646715537746703
image_random,densenet121,1,1.4762605772193593,0.21826172,0.5543498404967612,879,0.7292377701934016,0.9976467966281677,0.9991444164241357,0.9609984399375975,0.9915966386554622,0.9641185647425897,0.9873949579831933,0.9704209328782708,0.09938811318124939,0.024503427272740116,0.032355713899749936,0.09201607573594016,0.024582686231306036,0.04063106593497309
image_random,densenet121,2,1.1636582864760494,3.2988281,0.9643885857784726,879,0.7292377701934016,0.998387498525151,0.9994315295498296,0.953198127925117,0.9957983193277311,0.9937597503900156,0.9663865546218487,0.9863481228668942,0.043404836062606374,0.011791464027705312,0.008367104459241059,0.0438881157633004,0.01190935425625693,0.008914290920538725
image_random,efficientnet_b0,0,1.5814989117660287,2.0410156,0.8850366424032788,879,0.7292377701934016,0.9985054864379449,0.9994560407584306,0.9625585023400937,0.9915966386554622,0.9797191887675507,0.9747899159663865,0.9783845278725825,0.05257751960984179,0.014382556524532384,0.012878421288492557,0.048221066794717604,0.013975438671663036,0.013304122108409991
image_random,efficientnet_b0,1,1.3087954209468602,1.1708984,0.7633073673575779,879,0.7292377701934016,0.9974501501068447,0.9990521948743062,0.9500780031201248,0.9789915966386554,0.9703588143525741,0.9663865546218487,0.9692832764505119,0.07010241351885434,0.02124505705063626,0.019399706800139013,0.0667109034089882,0.02053755885847096,0.020496383028775173
image_random,efficientnet_b0,2,2.2513866908065276,4.34375,0.9871787857334058,879,0.7292377701934016,0.9976861259324323,0.9991096183592597,0.9500780031201248,0.9873949579831933,0.9875195007800313,0.9705882352941176,0.9829351535836177,0.06289474664241686,0.013323446113623093,0.01610891442686932,0.05377142422534463,0.014167302368735894,0.01487481973265557
image_random,inception_v3,0,2.110168223744604,-1.2626953,0.22051026029410678,879,0.7292377701934016,0.9978794950117332,0.9991953557571092,0.9500780031201248,0.9915966386554622,0.9282371294851794,0.9915966386554622,0.9453924914675768,0.15299228306661652,0.04190406981304777,0.053806074086794345,0.12309903293464398,0.03786641711244117,0.0669865440523664
image_random,inception_v3,1,1.322157779977831,1.7011719,0.8456877298212687,879,0.7292377701934016,0.9983153948006659,0.9993829480171095,0.9578783151326054,0.9915966386554622,0.982839313572543,0.9705882352941176,0.9795221843003413,0.05785778739343897,0.01620853213107434,0.014914658401609125,0.054046391268779956,0.015959814935771293,0.01663427980449471
image_random,inception_v3,2,1.2030985702348194,1.2109375,0.7704647868335475,879,0.7292377701934016,0.9978696626856671,0.9992109010072443,0.9625585023400937,0.9873949579831933,0.982839313572543,0.9747899159663865,0.9806598407281001,0.0566176640389729,0.016370075933339053,0.01374664652347872,0.05693930336752128,0.016472214733252222,0.011948475114349424
image_random,mobilenetv3,0,1.9033840889203348,3.2089844,0.961170979747262,879,0.7292377701934016,0.9981777422357399,0.9993445993518113,0.9547581903276131,0.9957983193277311,0.984399375975039,0.9747899159663865,0.981797497155859,0.052812635512560366,0.014355813470104244,0.015272400894385453,0.05115754962748192,0.0144083715917613,0.017271603609019196
image_random,mobilenetv3,1,2.0656610004050724,2.2324219,0.9031234615934228,879,0.7292377701934016,0.9967586098401919,0.9988221959993178,0.9625585023400937,0.9831932773109243,0.9734789391575663,0.9705882352941176,0.9726962457337884,0.0993734385086571,0.022960312323083338,0.023515350279474018,0.06929277095743791,0.020599516034803457,0.015326970900191863
image_random,mobilenetv3,2,2.1511310077559855,2.2675781,0.9061560384820504,879,0.7292377701934016,0.9977352875627631,0.9991760444924631,0.9500780031201248,0.9915966386554622,0.9750390015600624,0.9831932773109243,0.9772468714448237,0.08679376375897414,0.02114790527296119,0.02340928349299119,0.0634071700536537,0.01911373473779941,0.01816237361063315
image_random,resnet50,0,0.9171541237352032,-0.031143188,0.4922148322248196,879,0.7292377701934016,0.9968405458907431,0.9989004780891915,0.9625585023400937,0.9873949579831933,0.9609984399375975,0.9873949579831933,0.9681456200227532,0.08805241573523372,0.024502551209832905,0.037006161088326446,0.08854977084803559,0.024459218783016077,0.03792453355661627
image_random,resnet50,1,1.2687369515590492,3.09375,0.9566342012360932,879,0.7292377701934016,0.9970699668322868,0.9988643783775157,0.9625585023400937,0.9831932773109243,0.9906396255850234,0.9411764705882353,0.9772468714448237,0.06469065055489612,0.017337802423216045,0.01722847238638709,0.06147603784222772,0.016952146017609693,0.012905336851511323
image_random,resnet50,2,1.2117563478321436,1.4970703,0.8171371152260962,879,0.7292377701934016,0.9976402417441235,0.9991431388911727,0.9453978159126365,0.9873949579831933,0.9859594383775351,0.9789915966386554,0.9840728100113766,0.06329669310348729,0.015520663653306722,0.016414809115070338,0.06212364173533429,0.015926242753636265,0.0181942675160576
official,densenet121,0,1.5843078508321662,4.4726562,0.9887119255427363,624,0.625,0.9669789612097305,0.9671419554612505,0.9846153846153847,0.8504273504273504,0.9974358974358974,0.7008547008547008,0.8862179487179487,0.5593046340679202,0.09894620806978568,0.11004648275514599,0.3807672168153968,0.0925847166728371,0.11158294023520465
official,densenet121,1,1.079646718434481,3.2675781,0.9632996452403898,624,0.625,0.9652366863905325,0.9723851375746781,0.9871794871794872,0.8205128205128205,0.9974358974358974,0.594017094017094,0.8461538461538461,0.5509330730719358,0.12363203547652894,0.14788009004463126,0.5181101926875185,0.12188457858610058,0.14786726105136525
official,densenet121,2,1.5365035071118052,2.4296875,0.9190632902163844,624,0.625,0.9720414201183433,0.9790611446063305,0.9897435897435898,0.7991452991452992,0.9948717948717949,0.7051282051282052,0.8862179487179487,0.5249251559735695,0.09596495323096883,0.10810995425424838,0.36808658460600757,0.0906161862538721,0.1063943615819055
official,efficientnet_b0,0,1.7590515246564098,3.9296875,0.9807288620802312,624,0.625,0.9822704361165899,0.9892410933374698,0.9769230769230769,0.8247863247863247,0.9948717948717949,0.6752136752136753,0.875,0.6602021074355796,0.10908552457508286,0.11674245430990957,0.4107842175186801,0.10020455149946915,0.11773541113454813
official,efficientnet_b0,1,1.8418468786159183,2.0390625,0.8848377712685633,624,0.625,0.9811527503835196,0.9886164631197434,0.9769230769230769,0.8162393162393162,0.9871794871794872,0.7222222222222222,0.8878205128205128,0.5043411853029206,0.09138325373388435,0.09732432280841921,0.3150269093564202,0.0835870337321724,0.09661497559065235
official,efficientnet_b0,2,2.0310712106540976,2.0332031,0.8842393513783028,624,0.625,0.9796515450361605,0.9870500374194211,0.9794871794871794,0.7991452991452992,0.9897435897435898,0.7393162393162394,0.8958333333333334,0.624365748701629,0.09362221756884928,0.09911867569018484,0.3523495388777738,0.08697599833663888,0.10390255280966001
official,inception_v3,0,1.2337111666173244,1.6992188,0.8454326781637692,624,0.625,0.9738439623055007,0.9775366906522793,0.9871794871794872,0.7692307692307693,0.9974358974358974,0.6324786324786325,0.8605769230769231,0.5531757687079017,0.11283138165878108,0.14183073007060315,0.4728587552296571,0.11013937340550203,0.14331900560328525
official,inception_v3,1,1.82880712935034,6.2851562,0.9981397013342624,624,0.625,0.9681185623493317,0.9706330357274664,0.9871794871794872,0.782051282051282,1.0,0.5213675213675214,0.8205128205128205,1.212075051375934,0.15915747615994902,0.17541307461892253,0.6997767327811848,0.1467426355835052,0.1760534447846116
official,inception_v3,2,1.3464942894816785,1.3681641,0.7970833743578205,624,0.625,0.9727207977207977,0.9754177340865804,0.9923076923076923,0.8205128205128205,0.9948717948717949,0.7564102564102564,0.905448717948718,0.45447882715182747,0.08248149847639033,0.09770517827893702,0.36112026636570377,0.08031208543035943,0.09881646747024164
official,mobilenetv3,0,2.474955894974308,3.0,0.9525741268224333,624,0.625,0.982796405873329,0.9890478802771986,0.9871794871794872,0.811965811965812,0.9948717948717949,0.7136752136752137,0.8894230769230769,0.7407089919365308,0.09838247862113389,0.10772475717157631,0.3510049341258751,0.08709956333562,0.11130849030314315
official,mobilenetv3,1,2.1275725068532645,2.0722656,0.8881781736046336,624,0.625,0.982506026736796,0.9880676689095526,0.9948717948717949,0.7991452991452992,0.9948717948717949,0.7222222222222222,0.8926282051282052,0.7475419392969647,0.09387130606759392,0.10234864890753895,0.3926362377344369,0.0856412813515911,0.10687923257098549
official,mobilenetv3,2,2.774362796483343,2.5527344,0.9277569994260964,624,0.625,0.9807144422529037,0.9875934120187664,0.982051282051282,0.8076923076923077,0.9948717948717949,0.7307692307692307,0.8958333333333334,0.7259385220692376,0.09434156182976512,0.10256554964410433,0.3263759672965737,0.08341067883218665,0.10782219292945211
official,resnet50,0,1.7162736016252527,4.7070312,0.9910492881195881,624,0.625,0.9651325882095113,0.9676200999287827,0.982051282051282,0.8333333333333334,0.9948717948717949,0.7008547008547008,0.8846153846153846,0.7384217585379456,0.10055135824806022,0.11017243132950046,0.459689579743158,0.09501564826022972,0.11267063776137026
official,resnet50,1,1.475960426114677,0.50390625,0.6233768743729451,624,0.625,0.9779640587332895,0.9843663209868437,0.9871794871794872,0.8376068376068376,0.9871794871794872,0.8247863247863247,0.9262820512820513,0.2980870162737964,0.06282836514988945,0.06726144082339024,0.23395687982106153,0.060163551235243896,0.0705967226684412
official,resnet50,2,1.0956982714084265,1.5722656,0.8281063476454206,624,0.625,0.9848181021257945,0.9905245248990833,0.9897435897435898,0.8247863247863247,0.9948717948717949,0.7478632478632479,0.9022435897435898,0.3055900912910307,0.08123525111903751,0.0968528961023168,0.2879022507120447,0.07982668663857058,0.09673144440523496
