,,auroc,auroc,auprc,auprc,sens,sens,spec,spec,sens_05,sens_05,spec_05,spec_05,nll,nll,brier,brier,ece,ece,nll_ts,nll_ts,T,T
,,mean,std,mean,std,mean,std,mean,std,mean,std,mean,std,mean,std,mean,std,mean,std,mean,std,mean,std
split,arch,,,,,,,,,,,,,,,,,,,,,,
grouped,densenet121,0.9956,0.0002,0.9984,0.0001,0.9304,0.0055,0.9902,0.0064,0.9712,0.0096,0.9592,0.0212,0.0961,0.0179,0.0234,0.0014,0.0236,0.0059,0.0919,0.014,1.219,0.1979
grouped,efficientnet_b0,0.9923,0.0025,0.9971,0.0012,0.9273,0.0086,0.9817,0.0097,0.9534,0.0033,0.9662,0.0152,0.1628,0.0051,0.0356,0.0023,0.0353,0.0014,0.1268,0.0148,1.6569,0.3893
grouped,inception_v3,0.9945,0.0015,0.998,0.0006,0.9403,0.011,0.9859,0.0049,0.9634,0.0141,0.962,0.0295,0.1394,0.0287,0.0291,0.0022,0.0329,0.0115,0.1226,0.0189,1.5007,0.3044
grouped,mobilenetv3,0.9945,0.0011,0.998,0.0005,0.9226,0.0073,0.9887,0.0024,0.9383,0.0173,0.9789,0.0073,0.173,0.0253,0.038,0.0081,0.0401,0.0101,0.1149,0.014,2.2933,0.089
grouped,resnet50,0.9958,0.0005,0.9985,0.0002,0.9346,0.0009,0.9859,0.0024,0.9409,0.0547,0.9733,0.0258,0.1381,0.0775,0.0395,0.0261,0.0546,0.0519,0.1328,0.076,1.2696,0.0605
image_random,densenet121,0.9976,0.0009,0.9991,0.0004,0.9584,0.0045,0.9902,0.0064,0.9782,0.0149,0.9762,0.0106,0.0701,0.0281,0.0182,0.0064,0.0206,0.012,0.0669,0.0241,1.1407,0.3477
image_random,efficientnet_b0,0.9979,0.0006,0.9992,0.0002,0.9542,0.0072,0.986,0.0064,0.9792,0.0086,0.9706,0.0042,0.0619,0.0088,0.0163,0.0043,0.0161,0.0033,0.0562,0.0095,1.7139,0.485
image_random,inception_v3,0.998,0.0003,0.9993,0.0001,0.9568,0.0063,0.9902,0.0024,0.9646,0.0315,0.979,0.0111,0.0892,0.0553,0.0248,0.0148,0.0275,0.0228,0.078,0.0391,1.5451,0.4929
image_random,mobilenetv3,0.9976,0.0007,0.9991,0.0003,0.9558,0.0063,0.9902,0.0064,0.9776,0.0059,0.9762,0.0064,0.0797,0.0241,0.0195,0.0045,0.0207,0.0047,0.0613,0.0093,2.0401,0.1258
image_random,resnet50,0.9972,0.0004,0.999,0.0002,0.9568,0.0099,0.986,0.0024,0.9792,0.0159,0.9692,0.0246,0.072,0.0139,0.0191,0.0047,0.0235,0.0117,0.0707,0.0154,1.1325,0.1887
official,densenet121,0.9681,0.0035,0.9729,0.006,0.9872,0.0026,0.8234,0.0258,0.9966,0.0015,0.6667,0.063,0.5451,0.0179,0.1062,0.0152,0.122,0.0224,0.4223,0.0832,1.4002,0.2786
official,efficientnet_b0,0.981,0.0013,0.9883,0.0011,0.9778,0.0015,0.8134,0.0131,0.9906,0.0039,0.7123,0.0332,0.5963,0.0816,0.098,0.0096,0.1044,0.0107,0.3594,0.0483,1.8773,0.1394
official,inception_v3,0.9716,0.003,0.9745,0.0035,0.9889,0.003,0.7906,0.0267,0.9974,0.0026,0.6368,0.1176,0.7399,0.4119,0.1182,0.0386,0.1383,0.039,0.5113,0.1726,1.4697,0.3161
official,mobilenetv3,0.982,0.0011,0.9882,0.0007,0.988,0.0065,0.8063,0.0065,0.9949,0.0,0.7222,0.0085,0.7381,0.011,0.0955,0.0025,0.1042,0.003,0.3567,0.0335,2.459,0.3237
official,resnet50,0.976,0.01,0.9808,0.0119,0.9863,0.0039,0.8319,0.0065,0.9923,0.0044,0.7578,0.0626,0.4474,0.2521,0.0815,0.0189,0.0914,0.022,0.3272,0.1179,1.4293,0.3129
