split,seed,method,w_resnet50,w_densenet121,w_inception_v3,test_acc,test_auroc,test_sens_05,test_spec_05
official,0,equal,0.3333,0.3333,0.3333,0.891,0.9782,0.9974,0.7137
official,0,val,0.15,0.55,0.3,0.883,0.9776,0.9974,0.6923
official,0,test,0.7,0.15,0.15,0.8926,0.9775,0.9974,0.7179
official,0,single_val,0.0,1.0,0.0,0.8862,0.967,0.9974,0.7009
official,0,single_test,0.0,1.0,0.0,0.8862,0.967,0.9974,0.7009
official,1,equal,0.3333,0.3333,0.3333,0.8718,0.9762,0.9974,0.6624
official,1,val,0.3,0.35,0.35,0.8606,0.976,0.9974,0.6325
official,1,test,1.0,0.0,0.0,0.9263,0.978,0.9872,0.8248
official,1,single_val,0.0,1.0,0.0,0.8462,0.9652,0.9974,0.594
official,1,single_test,1.0,0.0,0.0,0.9263,0.978,0.9872,0.8248
official,2,equal,0.3333,0.3333,0.3333,0.8942,0.9849,0.9949,0.7265
official,2,val,0.35,0.3,0.35,0.8942,0.9849,0.9949,0.7265
official,2,test,0.15,0.05,0.8,0.9103,0.984,0.9949,0.7692
official,2,single_val,0.0,1.0,0.0,0.8862,0.972,0.9949,0.7051
official,2,single_test,0.0,0.0,1.0,0.9054,0.9727,0.9949,0.7564
grouped,0,equal,0.3333,0.3333,0.3333,0.9794,0.9971,0.9827,0.9705
grouped,0,val,0.5,0.0,0.5,0.9783,0.9969,0.9843,0.962
grouped,0,test,0.3,0.35,0.35,0.9817,0.9971,0.9827,0.9789
grouped,0,single_val,1.0,0.0,0.0,0.976,0.9963,0.9874,0.9451
grouped,0,single_test,1.0,0.0,0.0,0.976,0.9963,0.9874,0.9451
grouped,1,equal,0.3333,0.3333,0.3333,0.9783,0.9961,0.9812,0.9705
grouped,1,val,0.05,0.65,0.3,0.9737,0.9957,0.9827,0.9494
grouped,1,test,0.35,0.35,0.3,0.9783,0.9962,0.9812,0.9705
grouped,1,single_val,0.0,1.0,0.0,0.968,0.9954,0.9796,0.9367
grouped,1,single_test,0.0,1.0,0.0,0.968,0.9954,0.9796,0.9367
grouped,2,equal,0.3333,0.3333,0.3333,0.9622,0.997,0.9513,0.9916
grouped,2,val,0.1,0.55,0.35,0.968,0.9967,0.9655,0.9747
grouped,2,test,0.0,0.75,0.25,0.9725,0.9964,0.9733,0.9705
grouped,2,single_val,0.0,1.0,0.0,0.9703,0.9957,0.9733,0.962
grouped,2,single_test,0.0,1.0,0.0,0.9703,0.9957,0.9733,0.962
