,,auroc,auroc,sens,sens,spec,spec,acc_05,acc_05,nll,nll,brier,brier
,,mean,std,mean,std,mean,std,mean,std,mean,std,mean,std
split,arch,,,,,,,,,,,,
grouped,densenet121,0.9956,0.0002,0.9304,0.0055,0.9902,0.0064,0.968,0.0023,0.0961,0.0179,0.0234,0.0014
grouped,ens_equal,0.9968,0.0006,0.933,0.011,0.9944,0.0024,0.9737,0.0091,0.0951,0.0249,0.0238,0.0069
grouped,ens_val,0.9959,0.0006,0.9283,0.0024,0.9859,0.0024,0.9725,0.004,0.0787,0.0108,0.0213,0.0025
grouped,inception_v3,0.9945,0.0015,0.9403,0.011,0.9859,0.0049,0.963,0.0056,0.1394,0.0287,0.0291,0.0022
grouped,resnet50,0.9958,0.0005,0.9346,0.0009,0.9859,0.0024,0.9497,0.0335,0.1381,0.0775,0.0395,0.0261
image_random,densenet121,0.9976,0.0009,0.9584,0.0045,0.9902,0.0064,0.9776,0.0081,0.0701,0.0281,0.0182,0.0064
image_random,ens_equal,0.9985,0.0001,0.9574,0.005,0.993,0.0024,0.9826,0.0077,0.0594,0.0153,0.0156,0.0046
image_random,ens_val,0.9982,0.0005,0.9589,0.0024,0.9888,0.0049,0.9822,0.0063,0.0515,0.0084,0.0142,0.0028
image_random,inception_v3,0.998,0.0003,0.9568,0.0063,0.9902,0.0024,0.9685,0.02,0.0892,0.0553,0.0248,0.0148
image_random,resnet50,0.9972,0.0004,0.9568,0.0099,0.986,0.0024,0.9765,0.008,0.072,0.0139,0.0191,0.0047
official,densenet121,0.9681,0.0035,0.9872,0.0026,0.8234,0.0258,0.8729,0.0231,0.5451,0.0179,0.1062,0.0152
official,ens_equal,0.9792,0.0041,0.988,0.0015,0.8405,0.0131,0.8857,0.0136,0.3407,0.0429,0.0899,0.0096
official,ens_val,0.974,0.0074,0.9863,0.0039,0.8376,0.0043,0.8755,0.0283,0.408,0.0871,0.0998,0.0212
official,inception_v3,0.9716,0.003,0.9889,0.003,0.7906,0.0267,0.8622,0.0425,0.7399,0.4119,0.1182,0.0386
official,resnet50,0.976,0.01,0.9863,0.0039,0.8319,0.0065,0.9044,0.0209,0.4474,0.2521,0.0815,0.0189
